{"meta": {"version": "7.0.4", "timestamp": "2023-01-09T09:41:13.581501", "branch_coverage": false, "show_contexts": false}, "files": {"app.py": {"executed_lines": [1, 12, 13, 14, 15, 16, 17, 18, 19, 21, 22, 24, 25, 28, 29, 30, 31, 32, 33, 34, 35, 36, 37, 38, 42, 43, 44, 46, 47, 48, 49, 52, 53, 54, 55, 57, 58, 59, 62, 63, 64, 65, 66, 69, 70, 71, 73, 76, 77, 86, 89, 90, 91, 92, 93, 94, 95, 96, 97, 98, 100, 105, 107, 117, 118, 119, 120, 121, 122, 125, 126, 127, 128, 129, 130, 135, 136, 137, 138, 140, 143, 147, 149, 151, 154, 155, 162, 163, 164, 165, 166, 168, 169, 170, 171, 172, 173, 174, 178, 179, 180, 181, 182, 183, 184, 191, 194, 195, 196, 197, 199, 200, 201, 204, 205, 206, 207, 208, 210, 211, 212, 214, 217, 218, 219, 220, 223, 224, 239, 240, 241, 245, 246, 266, 267, 268, 272, 273, 289, 290, 291, 297, 298, 299, 300, 301, 303, 304, 305, 309, 310, 311, 321, 322, 323, 324, 327, 328, 329, 348, 349, 350, 351], "summary": {"covered_lines": 163, "num_statements": 219, "percent_covered": 74.42922374429224, "percent_covered_display": "74", "missing_lines": 56, "excluded_lines": 0}, "missing_lines": [61, 72, 78, 79, 80, 156, 157, 158, 159, 167, 198, 209, 225, 228, 229, 230, 231, 242, 247, 254, 255, 256, 257, 269, 274, 277, 278, 279, 280, 292, 293, 294, 306, 312, 313, 314, 315, 316, 317, 318, 330, 331, 332, 352, 353, 354, 355, 356, 357, 358, 359, 360, 361, 363, 370, 371], "excluded_lines": []}, "customjsonprovider.py": {"executed_lines": [1, 2, 5, 6, 7, 8, 9, 10, 11], "summary": {"covered_lines": 9, "num_statements": 14, "percent_covered": 64.28571428571429, "percent_covered_display": "64", "missing_lines": 5, "excluded_lines": 0}, "missing_lines": [12, 13, 14, 16, 17], "excluded_lines": []}, "model.py": {"executed_lines": [1, 13, 14, 16, 19, 20, 21, 23, 46, 48, 57, 58, 61, 64, 65, 66, 67, 71, 72, 73, 75, 85, 86, 91, 92, 93, 98, 99, 100, 102, 103, 104, 106, 116, 117, 118, 123, 124, 125, 126, 127, 131, 132, 133, 134, 135, 138, 139, 140, 141, 142, 143, 146], "summary": {"covered_lines": 53, "num_statements": 54, "percent_covered": 98.14814814814815, "percent_covered_display": "98", "missing_lines": 1, "excluded_lines": 0}, "missing_lines": [47], "excluded_lines": []}, "schema.py": {"executed_lines": [4, 11], "summary": {"covered_lines": 2, "num_statements": 2, "percent_covered": 100.0, "percent_covered_display": "100", "missing_lines": 0, "excluded_lines": 0}, "missing_lines": [], "excluded_lines": []}, "studmgr.py": {"executed_lines": [], "summary": {"covered_lines": 0, "num_statements": 100, "percent_covered": 0.0, "percent_covered_display": "0", "missing_lines": 100, "excluded_lines": 0}, "missing_lines": [1, 2, 11, 12, 13, 14, 15, 17, 19, 20, 21, 22, 23, 24, 27, 34, 35, 36, 37, 38, 40, 43, 44, 46, 47, 48, 50, 53, 56, 57, 58, 59, 60, 61, 62, 63, 64, 66, 68, 69, 70, 71, 72, 73, 76, 77, 78, 79, 82, 83, 84, 86, 89, 90, 91, 92, 94, 95, 96, 97, 98, 99, 100, 102, 104, 109, 119, 130, 131, 132, 133, 134, 135, 136, 137, 138, 141, 142, 143, 144, 145, 147, 148, 149, 151, 152, 153, 154, 155, 158, 161, 162, 165, 166, 174, 181, 182, 183, 184, 185], "excluded_lines": []}, "tests/test_app.py": {"executed_lines": [1, 2, 11, 12, 13, 14, 15, 16, 17, 18, 19, 22, 23, 26, 59, 79, 80, 83, 84, 85, 86, 87, 88, 89, 91, 92, 93, 103, 104, 105, 108, 109, 110, 112, 113, 115, 116, 117, 121, 122, 123, 124, 125, 126, 127, 128, 131, 132, 133, 139, 140, 142, 143, 144, 145, 147, 148, 149, 150, 152, 153, 158, 159, 161, 162, 169, 170, 173, 174, 175, 176, 177, 179, 180, 183, 184, 196, 197, 198, 200, 201, 202, 203, 206, 207, 208, 209, 211, 213, 214, 215, 217, 228, 229, 232, 233, 234, 236, 237, 238, 241, 242, 243, 244, 246, 248, 249, 250, 252, 253, 254, 256, 257, 258, 260, 261, 262, 264, 265, 266, 268, 269, 272, 273, 274, 276, 279, 280, 281, 283, 286, 288, 289, 292, 294, 295, 296, 298, 299, 300, 302, 303, 304, 306, 309, 310, 313, 314, 317, 318, 319, 320, 323, 324, 325, 326, 328, 329, 330, 331, 332, 337, 338, 339, 340, 341, 342, 343, 344, 347, 356, 369, 377, 391, 392, 393, 394, 395, 400, 405, 408, 421, 424, 437, 438, 441, 449, 462, 464, 465, 466, 467, 468, 470, 471, 472, 473, 474, 476, 497, 498, 499, 500, 501, 503], "summary": {"covered_lines": 205, "num_statements": 209, "percent_covered": 98.08612440191388, "percent_covered_display": "98", "missing_lines": 4, "excluded_lines": 0}, "missing_lines": [111, 114, 118, 397], "excluded_lines": []}}, "totals": {"covered_lines": 432, "num_statements": 598, "percent_covered": 72.24080267558529, "percent_covered_display": "72", "missing_lines": 166, "excluded_lines": 0, "badge_color": "#8db833"}}